tasks,type,matrix,time
1,openmp,matrices/A_n1e6_d4.mtx,7.86519
2,openmpi,matrices/A_n1e6_d4.mtx,4.88392
2,openmp,matrices/A_n1e6_d4.mtx,3.88101
1,openmpi,matrices/A_n1e6_d4.mtx,9.23437
4,openmp,matrices/A_n1e6_d4.mtx,1.96341
6,openmp,matrices/A_n1e6_d4.mtx,1.60766
10,openmp,matrices/A_n1e6_d4.mtx,0.843803
8,openmp,matrices/A_n1e6_d4.mtx,1.23606
12,openmp,matrices/A_n1e6_d4.mtx,0.966859
14,openmp,matrices/A_n1e6_d4.mtx,0.887724
18,openmp,matrices/A_n1e6_d4.mtx,0.81266
16,openmp,matrices/A_n1e6_d4.mtx,0.862878
20,openmp,matrices/A_n1e6_d4.mtx,0.469921
8,openmpi,matrices/A_n1e6_d4.mtx,1.58597
6,openmpi,matrices/A_n1e6_d4.mtx,2.10801
2,openmpi,matrices/A_n1e6_d4.mtx,4.69488
4,openmpi,matrices/A_n1e6_d4.mtx,2.84863
1,openmpi,matrices/A_n1e6_d4.mtx,8.61591
10,openmp,matrices/A_n2e6_d4.mtx,1.90738
10,openmp,matrices/A_n3e6_d4.mtx,2.91375
8,openmpi,matrices/A_n2e6_d4.mtx,3.2141
1,openmp,matrices/A_n2e6_d4.mtx,12.8815
8,openmpi,matrices/A_n3e6_d4.mtx,4.87918
1,openmp,matrices/A_n3e6_d4.mtx,20.9507
8,openmpi,matrices/A_n5e6_d4.mtx,8.45631
8,openmp,matrices/A_n2e6_d4.mtx,2.60164
2,openmp,matrices/A_n2e6_d4.mtx,7.14181
8,openmp,matrices/A_n3e6_d4.mtx,3.93523
2,openmp,matrices/A_n3e6_d4.mtx,11.2806
8,openmp,matrices/A_n5e6_d4.mtx,6.84833
6,openmpi,matrices/A_n2e6_d4.mtx,4.17016
2,openmp,matrices/A_n5e6_d4.mtx,21.3048
6,openmpi,matrices/A_n3e6_d4.mtx,6.40315
1,openmpi,matrices/A_n2e6_d4.mtx,18.6429
6,openmpi,matrices/A_n5e6_d4.mtx,11.1087
1,openmpi,matrices/A_n3e6_d4.mtx,28.4955
6,openmp,matrices/A_n2e6_d4.mtx,3.6113
6,openmp,matrices/A_n3e6_d4.mtx,6.68915
1,openmpi,matrices/A_n5e6_d4.mtx,44.2473
6,openmp,matrices/A_n5e6_d4.mtx,8.31354
4,openmpi,matrices/A_n2e6_d4.mtx,5.86815
4,openmpi,matrices/A_n3e6_d4.mtx,8.18237
4,openmp,matrices/A_n2e6_d4.mtx,4.05354
4,openmpi,matrices/A_n5e6_d4.mtx,14.4578
4,openmp,matrices/A_n3e6_d4.mtx,5.53683
2,openmpi,matrices/A_n2e6_d4.mtx,10.4574
2,openmpi,matrices/A_n3e6_d4.mtx,14.7375
4,openmp,matrices/A_n5e6_d4.mtx,12.1953
2,openmpi,matrices/A_n5e6_d4.mtx,23.6956
14,openmpi,matrices/A_n1e6_d4.mtx,1.14349
16,openmpi,matrices/A_n1e6_d4.mtx,1.1018
12,openmpi,matrices/A_n1e6_d4.mtx,1.17301
10,openmpi,matrices/A_n1e6_d4.mtx,1.45517
18,openmp,matrices/A_n2e6_d4.mtx,1.72811
18,openmp,matrices/A_n3e6_d4.mtx,2.73982
18,openmp,matrices/A_n5e6_d4.mtx,4.64645
16,openmpi,matrices/A_n2e6_d4.mtx,2.23944
16,openmpi,matrices/A_n3e6_d4.mtx,3.33756
16,openmpi,matrices/A_n5e6_d4.mtx,5.86602
16,openmp,matrices/A_n2e6_d4.mtx,1.69754
16,openmp,matrices/A_n3e6_d4.mtx,2.50907
16,openmp,matrices/A_n5e6_d4.mtx,4.71233
14,openmpi,matrices/A_n2e6_d4.mtx,2.30534
14,openmpi,matrices/A_n3e6_d4.mtx,3.46398
14,openmpi,matrices/A_n5e6_d4.mtx,5.94876
14,openmp,matrices/A_n2e6_d4.mtx,1.73051
14,openmp,matrices/A_n3e6_d4.mtx,2.57256
14,openmp,matrices/A_n5e6_d4.mtx,4.63512
12,openmpi,matrices/A_n2e6_d4.mtx,2.3548
12,openmpi,matrices/A_n3e6_d4.mtx,3.4907
12,openmpi,matrices/A_n5e6_d4.mtx,6.10118
12,openmp,matrices/A_n2e6_d4.mtx,1.69107
12,openmp,matrices/A_n3e6_d4.mtx,2.55257
12,openmp,matrices/A_n5e6_d4.mtx,4.63143
10,openmpi,matrices/A_n2e6_d4.mtx,2.95127
10,openmpi,matrices/A_n3e6_d4.mtx,4.32483
10,openmpi,matrices/A_n5e6_d4.mtx,7.40439
18,openmpi,matrices/A_n1e6_d4.mtx,1.11248
18,openmpi,matrices/A_n2e6_d4.mtx,2.24025
18,openmpi,matrices/A_n3e6_d4.mtx,3.35829
18,openmpi,matrices/A_n5e6_d4.mtx,5.77564
20,openmp,matrices/A_n2e6_d4.mtx,0.883607
20,openmp,matrices/A_n3e6_d4.mtx,1.41595
20,openmp,matrices/A_n5e6_d4.mtx,2.64176
4,openmpi,matrices/A_n1e6_d4.mtx,2.72136
4,openmpi,matrices/A_n2e6_d4.mtx,5.47953
4,openmpi,matrices/A_n3e6_d4.mtx,8.15942
4,openmpi,matrices/A_n5e6_d4.mtx,13.8968
4,openmp,matrices/A_n1e6_d4.mtx,1.97719
1,openmp,matrices/A_n1e6_d4.mtx,7.80857
4,openmp,matrices/A_n2e6_d4.mtx,4.00937
4,openmp,matrices/A_n3e6_d4.mtx,6.03999
1,openmp,matrices/A_n2e6_d4.mtx,15.8648
4,openmp,matrices/A_n5e6_d4.mtx,10.6326
1,openmp,matrices/A_n3e6_d4.mtx,24.1194
2,openmpi,matrices/A_n1e6_d4.mtx,4.97621
2,openmp,matrices/A_n1e6_d4.mtx,4.01561
2,openmpi,matrices/A_n2e6_d4.mtx,9.98029
2,openmp,matrices/A_n2e6_d4.mtx,8.05503
2,openmpi,matrices/A_n3e6_d4.mtx,14.9038
2,openmp,matrices/A_n3e6_d4.mtx,12.2006
2,openmpi,matrices/A_n5e6_d4.mtx,25.5191
2,openmp,matrices/A_n5e6_d4.mtx,20.9848
1,openmpi,matrices/A_n1e6_d4.mtx,9.36375
1,openmpi,matrices/A_n2e6_d4.mtx,18.9786
1,openmp,matrices/A_n5e6_d4.mtx,40.671
1,openmpi,matrices/A_n3e6_d4.mtx,28.4219
1,openmpi,matrices/A_n5e6_d4.mtx,47.2613
6,openmp,matrices/A_n1e6_d4.mtx,1.58564
6,openmp,matrices/A_n2e6_d4.mtx,3.17212
6,openmp,matrices/A_n3e6_d4.mtx,4.81796
6,openmp,matrices/A_n5e6_d4.mtx,9.03186
6,openmpi,matrices/A_n1e6_d4.mtx,1.977
8,openmpi,matrices/A_n1e6_d4.mtx,1.46509
10,openmp,matrices/A_n1e6_d4.mtx,0.931764
10,openmpi,matrices/A_n1e6_d4.mtx,1.3831
10,openmpi,matrices/A_n2e6_d4.mtx,2.7825
10,openmpi,matrices/A_n3e6_d4.mtx,4.1587
10,openmpi,matrices/A_n5e6_d4.mtx,7.14079
10,openmp,matrices/A_n2e6_d4.mtx,1.73717
10,openmp,matrices/A_n3e6_d4.mtx,2.59704
10,openmp,matrices/A_n5e6_d4.mtx,4.72515
8,openmpi,matrices/A_n2e6_d4.mtx,2.94223
8,openmpi,matrices/A_n3e6_d4.mtx,4.35931
8,openmpi,matrices/A_n5e6_d4.mtx,7.43271
8,openmp,matrices/A_n1e6_d4.mtx,1.44717
8,openmp,matrices/A_n2e6_d4.mtx,2.64788
8,openmp,matrices/A_n3e6_d4.mtx,3.94545
8,openmp,matrices/A_n5e6_d4.mtx,6.6529
6,openmpi,matrices/A_n2e6_d4.mtx,3.78876
6,openmpi,matrices/A_n3e6_d4.mtx,5.84027
6,openmpi,matrices/A_n5e6_d4.mtx,9.97044
16,openmp,matrices/A_n1e6_d4.mtx,0.85745
16,openmp,matrices/A_n2e6_d4.mtx,1.65225
16,openmp,matrices/A_n3e6_d4.mtx,2.61352
20,openmp,matrices/A_n1e6_d4.mtx,0.446038
18,openmp,matrices/A_n1e6_d4.mtx,0.802138
20,openmp,matrices/A_n2e6_d4.mtx,0.899743
18,openmp,matrices/A_n2e6_d4.mtx,1.55502
20,openmp,matrices/A_n3e6_d4.mtx,1.45114
20,openmp,matrices/A_n5e6_d4.mtx,2.96306
18,openmp,matrices/A_n3e6_d4.mtx,2.46836
18,openmp,matrices/A_n5e6_d4.mtx,4.13275
18,openmpi,matrices/A_n1e6_d4.mtx,1.13403
18,openmpi,matrices/A_n2e6_d4.mtx,2.19917
16,openmpi,matrices/A_n1e6_d4.mtx,1.09564
18,openmpi,matrices/A_n5e6_d4.mtx,5.91652
16,openmpi,matrices/A_n2e6_d4.mtx,2.23935
16,openmpi,matrices/A_n3e6_d4.mtx,3.23747
16,openmpi,matrices/A_n5e6_d4.mtx,5.11386
16,openmp,matrices/A_n5e6_d4.mtx,4.73408
14,openmp,matrices/A_n1e6_d4.mtx,0.842768
14,openmp,matrices/A_n2e6_d4.mtx,1.93375
14,openmpi,matrices/A_n5e6_d4.mtx,5.31598
12,openmpi,matrices/A_n2e6_d4.mtx,2.35735
14,openmp,matrices/A_n3e6_d4.mtx,2.69953
14,openmp,matrices/A_n5e6_d4.mtx,4.72015
12,openmpi,matrices/A_n3e6_d4.mtx,3.40951
12,openmpi,matrices/A_n5e6_d4.mtx,5.48317
12,openmp,matrices/A_n1e6_d4.mtx,0.877674
12,openmp,matrices/A_n2e6_d4.mtx,1.76165
12,openmp,matrices/A_n3e6_d4.mtx,2.73009
12,openmp,matrices/A_n5e6_d4.mtx,4.6204
2,openmpi,matrices/A_n1e6_d4.mtx,4.91578
2,openmpi,matrices/A_n2e6_d4.mtx,9.9409
2,openmpi,matrices/A_n3e6_d4.mtx,14.8938
2,openmpi,matrices/A_n5e6_d4.mtx,25.0044
2,openmp,matrices/A_n1e6_d4.mtx,3.91173
1,openmp,matrices/A_n1e6_d4.mtx,7.83847
2,openmp,matrices/A_n2e6_d4.mtx,8.06868
1,openmp,matrices/A_n2e6_d4.mtx,16.0091
2,openmp,matrices/A_n3e6_d4.mtx,12.1346
1,openmp,matrices/A_n3e6_d4.mtx,24.1894
2,openmp,matrices/A_n5e6_d4.mtx,20.2762
1,openmpi,matrices/A_n1e6_d4.mtx,9.33263
1,openmp,matrices/A_n5e6_d4.mtx,40.6318
1,openmpi,matrices/A_n2e6_d4.mtx,18.6107
1,openmpi,matrices/A_n3e6_d4.mtx,27.9726
1,openmpi,matrices/A_n5e6_d4.mtx,47.3889
4,openmpi,matrices/A_n1e6_d4.mtx,2.7203
4,openmpi,matrices/A_n2e6_d4.mtx,5.47338
4,openmpi,matrices/A_n3e6_d4.mtx,8.14645
4,openmpi,matrices/A_n5e6_d4.mtx,13.8448
4,openmp,matrices/A_n1e6_d4.mtx,1.96135
4,openmp,matrices/A_n2e6_d4.mtx,3.98421
4,openmp,matrices/A_n3e6_d4.mtx,5.97132
4,openmp,matrices/A_n5e6_d4.mtx,10.3513
4,openmpi,matrices/A_n1e6_d4.mtx,2.7161
4,openmpi,matrices/A_n2e6_d4.mtx,5.50756
4,openmpi,matrices/A_n3e6_d4.mtx,8.17052
4,openmpi,matrices/A_n5e6_d4.mtx,13.8594
2,openmpi,matrices/A_n1e6_d4.mtx,4.87316
2,openmpi,matrices/A_n2e6_d4.mtx,9.93229
1,openmpi,matrices/A_n1e6_d4.mtx,9.30873
2,openmpi,matrices/A_n3e6_d4.mtx,14.8346
1,openmpi,matrices/A_n2e6_d4.mtx,19.0052
2,openmpi,matrices/A_n5e6_d4.mtx,24.9601
1,openmpi,matrices/A_n3e6_d4.mtx,27.6296
1,openmpi,matrices/A_n5e6_d4.mtx,46.5012
4,openmp,matrices/A_n1e6_d4.mtx,1.99021
1,openmp,matrices/A_n1e6_d4.mtx,7.62912
4,openmpi,matrices/A_n1e6_d4.mtx,2.73684
4,openmpi,matrices/A_n2e6_d4.mtx,5.48863
4,openmpi,matrices/A_n3e6_d4.mtx,8.17584
4,openmpi,matrices/A_n5e6_d4.mtx,13.8172
4,openmp,matrices/A_n2e6_d4.mtx,4.00113
1,openmp,matrices/A_n2e6_d4.mtx,15.404
4,openmp,matrices/A_n3e6_d4.mtx,6.03328
1,openmp,matrices/A_n3e6_d4.mtx,23.4899
4,openmp,matrices/A_n5e6_d4.mtx,10.414
2,openmpi,matrices/A_n1e6_d4.mtx,4.91917
1,openmp,matrices/A_n5e6_d4.mtx,39.2893
2,openmpi,matrices/A_n2e6_d4.mtx,9.93206
2,openmp,matrices/A_n1e6_d4.mtx,3.90404
2,openmpi,matrices/A_n3e6_d4.mtx,14.8457
2,openmp,matrices/A_n2e6_d4.mtx,8.05818
2,openmpi,matrices/A_n5e6_d4.mtx,24.9415
2,openmp,matrices/A_n3e6_d4.mtx,11.8739
1,openmpi,matrices/A_n1e6_d4.mtx,9.26466
2,openmp,matrices/A_n5e6_d4.mtx,20.434
1,openmpi,matrices/A_n2e6_d4.mtx,18.4588
1,openmpi,matrices/A_n3e6_d4.mtx,28.3285
1,openmpi,matrices/A_n5e6_d4.mtx,46.9204
4,openmp,matrices/A_n1e6_d4.mtx,1.9697
1,openmp,matrices/A_n1e6_d4.mtx,7.57318
4,openmpi,matrices/A_n1e6_d4.mtx,2.72403
4,openmpi,matrices/A_n2e6_d4.mtx,5.47508
4,openmpi,matrices/A_n3e6_d4.mtx,8.13686
4,openmpi,matrices/A_n5e6_d4.mtx,13.8564
4,openmp,matrices/A_n2e6_d4.mtx,4.01772
1,openmp,matrices/A_n2e6_d4.mtx,15.325
4,openmp,matrices/A_n3e6_d4.mtx,6.0235
1,openmp,matrices/A_n3e6_d4.mtx,23.6504
4,openmp,matrices/A_n5e6_d4.mtx,10.3398
2,openmpi,matrices/A_n1e6_d4.mtx,4.90888
1,openmp,matrices/A_n5e6_d4.mtx,39.2906
2,openmpi,matrices/A_n2e6_d4.mtx,9.93898
2,openmpi,matrices/A_n3e6_d4.mtx,14.8454
2,openmp,matrices/A_n1e6_d4.mtx,3.88516
2,openmpi,matrices/A_n5e6_d4.mtx,24.9555
2,openmp,matrices/A_n2e6_d4.mtx,7.8139
2,openmp,matrices/A_n3e6_d4.mtx,12.241
1,openmpi,matrices/A_n1e6_d4.mtx,9.35962
2,openmp,matrices/A_n5e6_d4.mtx,20.1652
1,openmpi,matrices/A_n2e6_d4.mtx,18.9578
1,openmpi,matrices/A_n3e6_d4.mtx,28.1374
1,openmpi,matrices/A_n5e6_d4.mtx,46.5605
14,openmpi,matrices/A_n1e6_d4.mtx,1.04459
14,openmpi,matrices/A_n2e6_d4.mtx,2.10762
14,openmpi,matrices/A_n3e6_d4.mtx,3.21511
14,openmpi,matrices/A_n5e6_d4.mtx,5.438
14,openmp,matrices/A_n1e6_d4.mtx,0.866053
14,openmp,matrices/A_n2e6_d4.mtx,1.89481
14,openmp,matrices/A_n3e6_d4.mtx,2.61726
14,openmp,matrices/A_n5e6_d4.mtx,4.80172
12,openmpi,matrices/A_n1e6_d4.mtx,1.06465
12,openmpi,matrices/A_n2e6_d4.mtx,2.14488
12,openmpi,matrices/A_n3e6_d4.mtx,3.16536
12,openmpi,matrices/A_n5e6_d4.mtx,5.52821
12,openmp,matrices/A_n1e6_d4.mtx,1.07695
12,openmp,matrices/A_n2e6_d4.mtx,1.95504
12,openmp,matrices/A_n3e6_d4.mtx,3.07784
12,openmp,matrices/A_n5e6_d4.mtx,4.752
10,openmpi,matrices/A_n1e6_d4.mtx,1.36716
10,openmpi,matrices/A_n2e6_d4.mtx,2.74902
10,openmpi,matrices/A_n3e6_d4.mtx,3.84676
20,openmp,matrices/A_n1e6_d4.mtx,0.442339
20,openmp,matrices/A_n2e6_d4.mtx,0.969186
20,openmp,matrices/A_n3e6_d4.mtx,1.53628
20,openmp,matrices/A_n5e6_d4.mtx,2.67191
20,openmpi,matrices/A_n1e6_d4.mtx,0.993217
20,openmpi,matrices/A_n2e6_d4.mtx,1.98011
20,openmpi,matrices/A_n3e6_d4.mtx,2.94634
20,openmpi,matrices/A_n5e6_d4.mtx,5.07705
18,openmpi,matrices/A_n1e6_d4.mtx,0.977498
18,openmpi,matrices/A_n2e6_d4.mtx,1.98653
18,openmpi,matrices/A_n3e6_d4.mtx,2.9422
18,openmpi,matrices/A_n5e6_d4.mtx,5.08496
18,openmp,matrices/A_n1e6_d4.mtx,0.80187
18,openmp,matrices/A_n2e6_d4.mtx,1.57665
18,openmp,matrices/A_n3e6_d4.mtx,2.55459
18,openmp,matrices/A_n5e6_d4.mtx,4.32404
16,openmpi,matrices/A_n1e6_d4.mtx,0.977414
16,openmpi,matrices/A_n2e6_d4.mtx,1.98293
16,openmpi,matrices/A_n3e6_d4.mtx,2.96358
16,openmpi,matrices/A_n5e6_d4.mtx,5.09867
16,openmp,matrices/A_n1e6_d4.mtx,0.842575
16,openmp,matrices/A_n2e6_d4.mtx,1.81497
16,openmp,matrices/A_n3e6_d4.mtx,2.63261
16,openmp,matrices/A_n5e6_d4.mtx,4.36185
8,openmp,matrices/A_n1e6_d4.mtx,1.33117
10,openmpi,matrices/A_n5e6_d4.mtx,6.78679
10,openmp,matrices/A_n1e6_d4.mtx,0.922767
8,openmpi,matrices/A_n1e6_d4.mtx,1.44468
8,openmpi,matrices/A_n2e6_d4.mtx,2.75287
10,openmp,matrices/A_n2e6_d4.mtx,1.88617
8,openmpi,matrices/A_n3e6_d4.mtx,4.13056
10,openmp,matrices/A_n3e6_d4.mtx,2.36721
8,openmpi,matrices/A_n5e6_d4.mtx,7.08866
10,openmp,matrices/A_n5e6_d4.mtx,4.26131
8,openmp,matrices/A_n2e6_d4.mtx,2.72433
8,openmp,matrices/A_n3e6_d4.mtx,3.44382
6,openmpi,matrices/A_n1e6_d4.mtx,1.78354
8,openmp,matrices/A_n5e6_d4.mtx,6.10397
6,openmpi,matrices/A_n2e6_d4.mtx,3.84305
6,openmpi,matrices/A_n3e6_d4.mtx,5.56991
6,openmp,matrices/A_n1e6_d4.mtx,1.58689
6,openmp,matrices/A_n2e6_d4.mtx,3.32255
6,openmpi,matrices/A_n5e6_d4.mtx,9.06945
6,openmp,matrices/A_n3e6_d4.mtx,4.26362
6,openmp,matrices/A_n5e6_d4.mtx,7.65962
2,openmp,matrices/A_n1e6_d4.mtx,3.42578
4,openmp,matrices/A_n1e6_d4.mtx,1.73673
6,hybrid,matrices/A_n1e6_d4.mtx,0.534184
2,hybrid,matrices/A_n1e6_d4.mtx,1.85118
1,hybrid,matrices/A_n1e6_d4.mtx,4.02896
2,hybrid,matrices/A_n2e6_d4.mtx,3.69369
1,hybrid,matrices/A_n2e6_d4.mtx,11.163
2,hybrid,matrices/A_n3e6_d4.mtx,5.57786
6,hybrid,matrices/A_n2e6_d4.mtx,1.0092
1,hybrid,matrices/A_n3e6_d4.mtx,17.7641
2,hybrid,matrices/A_n5e6_d4.mtx,9.64393
1,hybrid,matrices/A_n5e6_d4.mtx,20.6718
6,hybrid,matrices/A_n3e6_d4.mtx,1.37753
6,hybrid,matrices/A_n5e6_d4.mtx,2.37704
4,hybrid,matrices/A_n1e6_d4.mtx,0.779815
4,hybrid,matrices/A_n2e6_d4.mtx,1.45127
4,hybrid,matrices/A_n3e6_d4.mtx,2.30416
4,hybrid,matrices/A_n5e6_d4.mtx,3.8598
2,hybrid,matrices/A_n3e6_d4.mtx,3.36789
1,hybrid,matrices/A_n2e6_d4.mtx,6.69722
1,hybrid,matrices/A_n5e6_d4.mtx,17.8553
6,hybrid,matrices/A_n1e6_d4.mtx,0.508987
2,hybrid,matrices/A_n1e6_d4.mtx,1.84233
1,hybrid,matrices/A_n1e6_d4.mtx,4.03379
2,hybrid,matrices/A_n2e6_d4.mtx,3.67328
1,hybrid,matrices/A_n2e6_d4.mtx,11.2025
2,hybrid,matrices/A_n3e6_d4.mtx,5.58651
6,hybrid,matrices/A_n2e6_d4.mtx,1.00106
1,hybrid,matrices/A_n3e6_d4.mtx,17.6718
2,hybrid,matrices/A_n5e6_d4.mtx,9.6183
1,hybrid,matrices/A_n5e6_d4.mtx,20.8591
6,hybrid,matrices/A_n3e6_d4.mtx,1.38145
6,hybrid,matrices/A_n5e6_d4.mtx,2.35002
4,hybrid,matrices/A_n1e6_d4.mtx,0.851584
4,hybrid,matrices/A_n2e6_d4.mtx,1.8062
4,hybrid,matrices/A_n3e6_d4.mtx,2.95508
4,hybrid,matrices/A_n5e6_d4.mtx,4.82696
6,hybrid,matrices/A_n1e6_d4.mtx,0.528948
1,hybrid,matrices/A_n1e6_d4.mtx,3.99748
6,hybrid,matrices/A_n2e6_d4.mtx,1.10711
1,hybrid,matrices/A_n2e6_d4.mtx,8.11207
6,hybrid,matrices/A_n3e6_d4.mtx,1.52506
1,hybrid,matrices/A_n3e6_d4.mtx,12.1786
6,hybrid,matrices/A_n5e6_d4.mtx,2.50375
6,hybrid,matrices/A_n1e6_d4.mtx,0.544677
6,hybrid,matrices/A_n2e6_d4.mtx,1.06541
1,hybrid,matrices/A_n5e6_d4.mtx,20.9809
6,hybrid,matrices/A_n3e6_d4.mtx,1.45856
1,hybrid,matrices/A_n1e6_d4.mtx,4.0318
6,hybrid,matrices/A_n5e6_d4.mtx,2.46508
1,hybrid,matrices/A_n2e6_d4.mtx,8.31764
4,hybrid,matrices/A_n1e6_d4.mtx,0.757776
2,hybrid,matrices/A_n1e6_d4.mtx,1.83785
4,hybrid,matrices/A_n2e6_d4.mtx,1.41257
4,hybrid,matrices/A_n1e6_d4.mtx,0.774667
4,hybrid,matrices/A_n3e6_d4.mtx,2.11848
4,hybrid,matrices/A_n2e6_d4.mtx,1.424
1,serial20,matrices/A_n1e6_d4.mtx,7.92796
4,hybrid,matrices/A_n5e6_d4.mtx,3.7508
2,hybrid,matrices/A_n3e6_d4.mtx,5.60648
2,hybrid,matrices/A_n1e6_d4.mtx,1.89099
4,hybrid,matrices/A_n3e6_d4.mtx,2.32154
1,hybrid,matrices/A_n3e6_d4.mtx,14.9268
2,hybrid,matrices/A_n2e6_d4.mtx,3.77798
1,serial20,matrices/A_n2e6_d4.mtx,16.1828
4,hybrid,matrices/A_n5e6_d4.mtx,3.97794
2,hybrid,matrices/A_n3e6_d4.mtx,5.67209
1,serial20,matrices/A_n3e6_d4.mtx,23.8775
1,hybrid,matrices/A_n5e6_d4.mtx,20.7594
2,hybrid,matrices/A_n5e6_d4.mtx,8.68486
2,hybrid,matrices/A_n5e6_d4.mtx,9.45139
1,serial20,matrices/A_n5e6_d4.mtx,38.7162
6,hybrid,matrices/A_n1e6_d4.mtx,0.560578
1,hybrid,matrices/A_n1e6_d4.mtx,4.07609
6,hybrid,matrices/A_n2e6_d4.mtx,0.968695
1,hybrid,matrices/A_n2e6_d4.mtx,7.97311
6,hybrid,matrices/A_n3e6_d4.mtx,1.48513
1,hybrid,matrices/A_n3e6_d4.mtx,12.2277
6,hybrid,matrices/A_n5e6_d4.mtx,2.55924
6,hybrid,matrices/A_n1e6_d4.mtx,0.548237
6,hybrid,matrices/A_n2e6_d4.mtx,1.08566
6,hybrid,matrices/A_n3e6_d4.mtx,1.35084
1,hybrid,matrices/A_n5e6_d4.mtx,20.7762
1,hybrid,matrices/A_n1e6_d4.mtx,4.01628
6,hybrid,matrices/A_n5e6_d4.mtx,2.47178
1,hybrid,matrices/A_n2e6_d4.mtx,8.21361
4,hybrid,matrices/A_n1e6_d4.mtx,0.770938
4,hybrid,matrices/A_n2e6_d4.mtx,1.44862
2,hybrid,matrices/A_n1e6_d4.mtx,1.84974
4,hybrid,matrices/A_n1e6_d4.mtx,0.77942
4,hybrid,matrices/A_n3e6_d4.mtx,2.24522
4,hybrid,matrices/A_n2e6_d4.mtx,1.45974
4,hybrid,matrices/A_n3e6_d4.mtx,2.24108
2,hybrid,matrices/A_n1e6_d4.mtx,1.86866
4,hybrid,matrices/A_n5e6_d4.mtx,3.90598
2,hybrid,matrices/A_n3e6_d4.mtx,5.57979
1,hybrid,matrices/A_n3e6_d4.mtx,15.5316
2,hybrid,matrices/A_n2e6_d4.mtx,3.76563
2,hybrid,matrices/A_n3e6_d4.mtx,5.57256
4,hybrid,matrices/A_n5e6_d4.mtx,3.88739
1,hybrid,matrices/A_n5e6_d4.mtx,21.6069
2,hybrid,matrices/A_n5e6_d4.mtx,9.5923
2,hybrid,matrices/A_n5e6_d4.mtx,9.61846
1,serial30,matrices/A_n1e6_d4.mtx,15.801
1,serial30,matrices/A_n2e6_d4.mtx,32.6272
1,serial30,matrices/A_n3e6_d4.mtx,47.9101
1,serial30,matrices/A_n5e6_d4.mtx,83.0517
6,hybrid,matrices/A_n1e6_d4.mtx,0.746722
1,hybrid,matrices/A_n1e6_d4.mtx,4.19964
6,hybrid,matrices/A_n2e6_d4.mtx,1.0258
1,hybrid,matrices/A_n2e6_d4.mtx,8.15188
6,hybrid,matrices/A_n3e6_d4.mtx,1.9136
5,hybrid,matrices/A_n1e6_d4.mtx,0.635696
3,hybrid,matrices/A_n2e6_d4.mtx,2.0692
1,hybrid,matrices/A_n3e6_d4.mtx,12.5641
6,hybrid,matrices/A_n5e6_d4.mtx,2.73439
5,hybrid,matrices/A_n2e6_d4.mtx,1.14495
1,hybrid,matrices/A_n1e6_d4.mtx,4.0247
6,hybrid,matrices/A_n1e6_d4.mtx,0.548854
3,hybrid,matrices/A_n3e6_d4.mtx,3.30505
5,hybrid,matrices/A_n3e6_d4.mtx,1.67912
6,hybrid,matrices/A_n2e6_d4.mtx,1.03752
1,hybrid,matrices/A_n2e6_d4.mtx,8.19873
6,hybrid,matrices/A_n3e6_d4.mtx,1.46813
3,hybrid,matrices/A_n5e6_d4.mtx,5.0763
5,hybrid,matrices/A_n5e6_d4.mtx,2.97309
1,hybrid,matrices/A_n3e6_d4.mtx,12.5145
5,hybrid,matrices/A_n1e6_d4.mtx,0.612886
3,hybrid,matrices/A_n2e6_d4.mtx,2.01383
1,hybrid,matrices/A_n1e6_d4.mtx,4.73562
6,hybrid,matrices/A_n5e6_d4.mtx,2.49463
5,hybrid,matrices/A_n2e6_d4.mtx,1.3028
6,hybrid,matrices/A_n1e6_d4.mtx,0.523758
3,hybrid,matrices/A_n3e6_d4.mtx,3.04544
1,hybrid,matrices/A_n2e6_d4.mtx,8.22509
5,hybrid,matrices/A_n3e6_d4.mtx,1.85454
6,hybrid,matrices/A_n2e6_d4.mtx,0.966845
1,hybrid,matrices/A_n5e6_d4.mtx,21.9062
6,hybrid,matrices/A_n3e6_d4.mtx,1.47372
3,hybrid,matrices/A_n5e6_d4.mtx,5.05367
1,hybrid,matrices/A_n3e6_d4.mtx,12.3075
5,hybrid,matrices/A_n5e6_d4.mtx,2.7909
5,hybrid,matrices/A_n1e6_d4.mtx,0.622984
3,hybrid,matrices/A_n2e6_d4.mtx,2.0812
5,hybrid,matrices/A_n2e6_d4.mtx,1.17634
6,hybrid,matrices/A_n5e6_d4.mtx,2.50407
3,hybrid,matrices/A_n3e6_d4.mtx,2.98684
2,hybrid,matrices/A_n1e6_d4.mtx,1.83285
1,hybrid,matrices/A_n5e6_d4.mtx,21.2485
5,hybrid,matrices/A_n3e6_d4.mtx,1.78906
2,hybrid,matrices/A_n2e6_d4.mtx,3.69897
2,hybrid,matrices/A_n1e6_d4.mtx,1.8398
4,hybrid,matrices/A_n1e6_d4.mtx,0.79044
2,hybrid,matrices/A_n1e6_d4.mtx,1.83026
2,hybrid,matrices/A_n2e6_d4.mtx,3.66979
5,hybrid,matrices/A_n5e6_d4.mtx,5.22143
2,hybrid,matrices/A_n3e6_d4.mtx,5.59918
3,hybrid,matrices/A_n5e6_d4.mtx,5.74146
1,serial40,matrices/A_n1e6_d4.mtx,24.1283
4,hybrid,matrices/A_n2e6_d4.mtx,2.5463
2,hybrid,matrices/A_n3e6_d4.mtx,8.32232
2,hybrid,matrices/A_n2e6_d4.mtx,3.68208
4,hybrid,matrices/A_n1e6_d4.mtx,0.903101
2,hybrid,matrices/A_n5e6_d4.mtx,9.50162
2,hybrid,matrices/A_n3e6_d4.mtx,6.3444
4,hybrid,matrices/A_n3e6_d4.mtx,3.65041
2,hybrid,matrices/A_n5e6_d4.mtx,9.54299
4,hybrid,matrices/A_n2e6_d4.mtx,1.60954
1,serial40,matrices/A_n2e6_d4.mtx,49.2399
4,hybrid,matrices/A_n1e6_d4.mtx,0.727774
4,hybrid,matrices/A_n5e6_d4.mtx,4.45914
2,hybrid,matrices/A_n5e6_d4.mtx,13.9169
4,hybrid,matrices/A_n3e6_d4.mtx,2.23008
4,hybrid,matrices/A_n2e6_d4.mtx,1.50891
4,hybrid,matrices/A_n5e6_d4.mtx,3.72744
4,hybrid,matrices/A_n3e6_d4.mtx,2.2718
4,hybrid,matrices/A_n5e6_d4.mtx,3.80621
1,serial40,matrices/A_n3e6_d4.mtx,75.5762
1,serial40,matrices/A_n5e6_d4.mtx,123.419
1,serial50,matrices/A_n1e6_d4.mtx,36.5155
1,serial50,matrices/A_n2e6_d4.mtx,75.2725
1,serial50,matrices/A_n3e6_d4.mtx,112.314
1,serial50,matrices/A_n5e6_d4.mtx,182.204
6,hybrid,matrices/A_n1e6_d4.mtx,0.735571
1,hybrid,matrices/A_n1e6_d4.mtx,3.99038
6,hybrid,matrices/A_n2e6_d4.mtx,1.02406
6,hybrid,matrices/A_n3e6_d4.mtx,1.91813
1,hybrid,matrices/A_n2e6_d4.mtx,8.17183
5,hybrid,matrices/A_n1e6_d4.mtx,0.624792
1,hybrid,matrices/A_n3e6_d4.mtx,12.1709
3,hybrid,matrices/A_n2e6_d4.mtx,2.04569
6,hybrid,matrices/A_n5e6_d4.mtx,2.64133
5,hybrid,matrices/A_n2e6_d4.mtx,1.16207
3,hybrid,matrices/A_n3e6_d4.mtx,2.96627
5,hybrid,matrices/A_n3e6_d4.mtx,3.02279
2,hybrid,matrices/A_n1e6_d4.mtx,1.82365
4,hybrid,matrices/A_n1e6_d4.mtx,1.19025
1,hybrid,matrices/A_n5e6_d4.mtx,20.7228
5,hybrid,matrices/A_n5e6_d4.mtx,3.00746
3,hybrid,matrices/A_n5e6_d4.mtx,5.63381
2,hybrid,matrices/A_n2e6_d4.mtx,3.62246
4,hybrid,matrices/A_n2e6_d4.mtx,2.28103
2,hybrid,matrices/A_n3e6_d4.mtx,8.5155
4,hybrid,matrices/A_n3e6_d4.mtx,2.15441
4,hybrid,matrices/A_n5e6_d4.mtx,3.93127
2,hybrid,matrices/A_n5e6_d4.mtx,15.957
1,serial60,matrices/A_n1e6_d4.mtx,52.7798
1,serial60,matrices/A_n2e6_d4.mtx,106.923
1,serial60,matrices/A_n3e6_d4.mtx,156.018
1,serial60,matrices/A_n5e6_d4.mtx,259.948
1,serial,matrices/A.mtx,0.000158706
1,serial,matrices/A.mtx,4.6593e-05
